class,rank,feature,coefficient
positive,1,great,2.658008096138534
positive,2,excellent,2.2624926972694244
positive,3,best,1.8006665390322047
positive,4,perfect,1.7488959265906427
positive,5,wonderful,1.6107879790167614
positive,6,amazing,1.4817921343481324
positive,7,well,1.435749731321086
positive,8,fun,1.4079124851195683
positive,9,today,1.3742305115344133
positive,10,loved,1.362018325044909
negative,1,worst,-3.2465766088522297
negative,2,bad,-2.765782492925186
negative,3,awful,-2.287252730798705
negative,4,waste,-2.197961967160373
negative,5,boring,-2.0655854519899304
negative,6,poor,-1.9663846956061732
negative,7,nothing,-1.7638972724196547
negative,8,terrible,-1.6645101960187414
negative,9,worse,-1.604852528186792
negative,10,poorly,-1.5713140679823607
